Workbook

Sheet 使い方
A1: ④ 現在地ボード：受験ロードマップ
A3: 模試・テストの結果が出たら、「模試の記録」シートに教科ごとの偏差値（または点数）を入れてください（保護者の方と一緒に）。
A4: 「目安」行は初回の計画書の志望の目安を転記します。
A5: 受験生の本名・学校名は書かないでください。入試日程・制度は必ず学校や教育委員会の公式情報で確認してください。合格を保証するものではありません。
A7: 凡例
A8: 黄色のセル＝あなたが入力する欄（青字）
A9: 白いセル＝自動計算（触らない）
A10: 1行目の数字は記入例（架空）です。上書きしてお使いください。
A12: このシートは目安を可視化するもので、結果を保証するものではありません。氏名・口座番号・ID・パスワードなどは書かないでください。

Sheet 模試の記録
A1: 回 | B1: 英語 | C1: 数学 | D1: 国語 | E1: 理科 | F1: 社会 | G1: 5教科の平均 | H1: 1週間の学習時間（時間）
A2: 志望の目安 | B2: 60 | C2: 60 | D2: 60 | E2: 60 | F2: 60 | G2: =IF(COUNT(B2:F2)=0,"",AVERAGE(B2:F2)) -> 60
A3: 1回目 | B3: 58 | C3: 49 | D3: 56 | E3: 52 | F3: 55 | G3: =IF(COUNT(B3:F3)=0,"",AVERAGE(B3:F3)) -> 54 | H3: 10
A4: 2回目 | B4: 59 | C4: 52 | D4: 56 | E4: 54 | F4: 55 | G4: =IF(COUNT(B4:F4)=0,"",AVERAGE(B4:F4)) -> 55.2 | H4: 12
A5: 3回目 | G5: =IF(COUNT(B5:F5)=0,"",AVERAGE(B5:F5))
A6: 4回目 | G6: =IF(COUNT(B6:F6)=0,"",AVERAGE(B6:F6))
A7: 5回目 | G7: =IF(COUNT(B7:F7)=0,"",AVERAGE(B7:F7))
A9: ※ 架空の記入例（中学2年・高校受験）です。

Sheet ボード
A1: 現在地ボード：受験
A3: 教科 | B3: 最新 | C3: 志望の目安 | D3: 差 | E3: 優先度
A4: 英語 | B4: =IFERROR(LOOKUP(2,1/(模試の記録!B3:B7<>""),模試の記録!B3:B7),"") -> 59 | C4: =模試の記録!B2 -> 60 | D4: =IFERROR(B4-C4,"") -> -1 | E4: =IFERROR(IF(D4<=-8,"最優先",IF(D4<0,"強化","維持")),"") -> 強化
A5: 数学 | B5: =IFERROR(LOOKUP(2,1/(模試の記録!C3:C7<>""),模試の記録!C3:C7),"") -> 52 | C5: =模試の記録!C2 -> 60 | D5: =IFERROR(B5-C5,"") -> -8 | E5: =IFERROR(IF(D5<=-8,"最優先",IF(D5<0,"強化","維持")),"") -> 最優先
A6: 国語 | B6: =IFERROR(LOOKUP(2,1/(模試の記録!D3:D7<>""),模試の記録!D3:D7),"") -> 56 | C6: =模試の記録!D2 -> 60 | D6: =IFERROR(B6-C6,"") -> -4 | E6: =IFERROR(IF(D6<=-8,"最優先",IF(D6<0,"強化","維持")),"") -> 強化
A7: 理科 | B7: =IFERROR(LOOKUP(2,1/(模試の記録!E3:E7<>""),模試の記録!E3:E7),"") -> 54 | C7: =模試の記録!E2 -> 60 | D7: =IFERROR(B7-C7,"") -> -6 | E7: =IFERROR(IF(D7<=-8,"最優先",IF(D7<0,"強化","維持")),"") -> 強化
A8: 社会 | B8: =IFERROR(LOOKUP(2,1/(模試の記録!F3:F7<>""),模試の記録!F3:F7),"") -> 55 | C8: =模試の記録!F2 -> 60 | D8: =IFERROR(B8-C8,"") -> -5 | E8: =IFERROR(IF(D8<=-8,"最優先",IF(D8<0,"強化","維持")),"") -> 強化
A10: ※ 差が−8以下を「最優先」、0未満を「強化」として表示する目安です（初回の計画書の方針を優先してください）。
