Workbook

Sheet スマホ
A1: ① スマホで見る：AI業務改善
A2: ■ 現在地
A3: 現在地 | B3: =ボード!B5 -> 16
A4: 目標 | B4: =ボード!B6 -> 10
A5: 進み具合 | B5: =ボード!B7 -> 0.5
A6: 計画と比べて | B6: =ボード!B8 -> 計画どおり、または先行
A7: 必要なペース（1か月あたり） | B7: =ボード!B10 -> -2
A8: 見込み（参考計算） | B8: =ボード!B12 -> 期限内（6か月目ごろ）
A9: 入力のチェック | B9: =ボード!B13 -> OK
A10: 単位：時間/月。見込みは過去の数値を直線で延ばした参考計算です。
A26: ■ 毎月の数字を入れる：事務作業時間（時間/月）
A27: 1か月目 | B27: 22
A28: 2か月目 | B28: 20
A29: 3か月目 | B29: 16
A30: 4か月目
A31: 5か月目
A32: 6か月目
A34: AI化が終わった業務の数 | B34: 2
A35: AI化の進み具合 | B35: =ボード!B21 -> 0.66666667

Sheet 使い方
A1: ① 現在地ボード：AI業務改善
A3: 毎月1回、「スマホ」シートの下にある「毎月の数字を入れる」欄に、先月の事務作業の合計時間（時間/月）を入れてください。
A4: 入れると「ボード」シートで、現在地・目標までの進み具合・必要なペース・期限内に届く見込みが自動で計算され、残りの月の予定も作り直されます。
A5: 「前提」シートの値は初回の計画書から転記します（月次更新プランでは運営者が見直します）。
A7: 凡例
A8: 黄色のセル（青字）＝あなたが入力する欄
A9: 緑のセル＝自動で計算される「現在地」と「これからの予定」
A10: その他の白いセル＝自動計算（触らない）
A11: 入っている数字は架空の記入例です。上書きしてお使いください。
A13: このシートは、入力した数字から機械的に計算した目安です。結果を保証するものではありません。氏名・口座番号・ID・パスワード・学校名などは書かないでください。

Sheet 前提
A1: 前提（初回の計画書から転記）
A2: 事務作業時間：最初の値（時間/月） | B2: 22
A3: 事務作業時間：目標の値（時間/月） | B3: 10
A4: 期限までの月数 | B4: 6

Sheet 記録
A1: 月 | B1: 当初の計画（時間/月） | C1: 実績（時間/月）※スマホのシートから自動 | D1: 更新後の予定（時間/月） | E1: 今のペースが続いた場合（時間/月）
A2: 1 | B2: =前提!$B$2+(前提!$B$3-前提!$B$2)*A2/前提!$B$4 -> 20 | C2: =IF(スマホ!B27="","",スマホ!B27) -> 22 | D2: =IFERROR(IF(OR(ボード!$B$4="",ボード!$B$10="",A2<=ボード!$B$4),"",ボード!$B$5+ボード!$B$10*(A2-ボード!$B$4)),"") | E2: =IFERROR(IF(OR(ボード!$B$4="",A2<=ボード!$B$4,ボード!$B$11=""),"",ボード!$B$5+ボード!$B$11*(A2-ボード!$B$4)),"")
A3: 2 | B3: =前提!$B$2+(前提!$B$3-前提!$B$2)*A3/前提!$B$4 -> 18 | C3: =IF(スマホ!B28="","",スマホ!B28) -> 20 | D3: =IFERROR(IF(OR(ボード!$B$4="",ボード!$B$10="",A3<=ボード!$B$4),"",ボード!$B$5+ボード!$B$10*(A3-ボード!$B$4)),"") | E3: =IFERROR(IF(OR(ボード!$B$4="",A3<=ボード!$B$4,ボード!$B$11=""),"",ボード!$B$5+ボード!$B$11*(A3-ボード!$B$4)),"")
A4: 3 | B4: =前提!$B$2+(前提!$B$3-前提!$B$2)*A4/前提!$B$4 -> 16 | C4: =IF(スマホ!B29="","",スマホ!B29) -> 16 | D4: =IFERROR(IF(OR(ボード!$B$4="",ボード!$B$10="",A4<=ボード!$B$4),"",ボード!$B$5+ボード!$B$10*(A4-ボード!$B$4)),"") | E4: =IFERROR(IF(OR(ボード!$B$4="",A4<=ボード!$B$4,ボード!$B$11=""),"",ボード!$B$5+ボード!$B$11*(A4-ボード!$B$4)),"")
A5: 4 | B5: =前提!$B$2+(前提!$B$3-前提!$B$2)*A5/前提!$B$4 -> 14 | C5: =IF(スマホ!B30="","",スマホ!B30) | D5: =IFERROR(IF(OR(ボード!$B$4="",ボード!$B$10="",A5<=ボード!$B$4),"",ボード!$B$5+ボード!$B$10*(A5-ボード!$B$4)),"") -> 14 | E5: =IFERROR(IF(OR(ボード!$B$4="",A5<=ボード!$B$4,ボード!$B$11=""),"",ボード!$B$5+ボード!$B$11*(A5-ボード!$B$4)),"") -> 14
A6: 5 | B6: =前提!$B$2+(前提!$B$3-前提!$B$2)*A6/前提!$B$4 -> 12 | C6: =IF(スマホ!B31="","",スマホ!B31) | D6: =IFERROR(IF(OR(ボード!$B$4="",ボード!$B$10="",A6<=ボード!$B$4),"",ボード!$B$5+ボード!$B$10*(A6-ボード!$B$4)),"") -> 12 | E6: =IFERROR(IF(OR(ボード!$B$4="",A6<=ボード!$B$4,ボード!$B$11=""),"",ボード!$B$5+ボード!$B$11*(A6-ボード!$B$4)),"") -> 12
A7: 6 | B7: =前提!$B$2+(前提!$B$3-前提!$B$2)*A7/前提!$B$4 -> 10 | C7: =IF(スマホ!B32="","",スマホ!B32) | D7: =IFERROR(IF(OR(ボード!$B$4="",ボード!$B$10="",A7<=ボード!$B$4),"",ボード!$B$5+ボード!$B$10*(A7-ボード!$B$4)),"") -> 10 | E7: =IFERROR(IF(OR(ボード!$B$4="",A7<=ボード!$B$4,ボード!$B$11=""),"",ボード!$B$5+ボード!$B$11*(A7-ボード!$B$4)),"") -> 10
A9: ※ 実績は「スマホ」シートで入力します（この列は自動）。

Sheet ボード
A1: 現在地ボード：AI業務改善
A3: 現在地
A4: 最後に実績を入れた月 | B4: =IF(COUNT(記録!C2:C7)=0,"",INDEX(記録!A2:A7,MATCH(9.99E+307,記録!C2:C7))) -> 3
A5: 現在の事務作業時間（時間/月） | B5: =IF(B4="","",INDEX(記録!C2:C7,MATCH(9.99E+307,記録!C2:C7))) -> 16
A6: 目標（時間/月） | B6: =前提!B3 -> 10
A7: 目標までの進み具合 | B7: =IF(OR(B4="",(前提!B3-前提!B2)=0),"",(B5-前提!B2)/(前提!B3-前提!B2)) -> 0.5
A8: 当初の計画と比べて | B8: =IF(B4="","",IF((前提!B3-前提!B2)=0,"前提を確認（最初の値と目標が同じ）",IF((B5-INDEX(記録!B2:B7,B4))*SIGN((前提!B3-前提!B2))>=0,"計画どおり、または先行","計画より遅れ"))) -> 計画どおり、または先行
A9: 残りの月数 | B9: =IF(B4="","",前提!B4-B4) -> 3
A10: 目標に届くために必要な1か月あたりの変化（時間/月） | B10: =IF(OR(B4="",(前提!B3-前提!B2)=0),"",IF((前提!B3-B5)*SIGN((前提!B3-前提!B2))<=0,0,IF(B9<=0,"",(前提!B3-B5)/B9))) -> -2
A11: これまでの1か月あたりの平均の変化（時間/月） | B11: =IF(COUNT(記録!C2:C7)<2,"",(B5-前提!B2)/B4) -> -2
A12: 今のペースで目標に届く見込み（過去の数値を直線で延ばした参考計算） | B12: =IF(B4="","",IF((前提!B3-前提!B2)=0,"前提を確認（最初の値と目標が同じ）",IF((前提!B3-B5)*SIGN((前提!B3-前提!B2))<=0,"達成済み",IF(B9<=0,"期限を過ぎています（前提の見直しが必要）",IF(COUNT(記録!C2:C7)<2,"記録が2か月分以上で表示",IF(B11*SIGN((前提!B3-前提!B2))<=0,"今のペースでは届かない（計画の見直しが必要）",IF(B4+(前提!B3-B5)/B11<=前提!B4,"期限内（"&ROUNDUP(B4+(前提!B3-B5)/B11,0)&"か月目ごろ）","期限より遅れる（"&ROUNDUP(B4+(前提!B3-B5)/B11,0)&"か月目ごろ）"))))))) -> 期限内（6か月目ごろ）
A13: 入力のチェック | B13: =IF(COUNTIF(記録!C2:C7,"<0")>0,"マイナスの値があります。確認してください",IF(B4="","実績を入力してください",IF(COUNT(記録!C2:C7)<B4,"入力していない月があります（現在地は最後に入力した月で計算）","OK"))) -> OK
A15: これからの予定（自動更新）
A16: 「記録」シートの「更新後の予定」列に、残りの月ごとに目指す値が自動で入ります。実績を入れるたびに作り直されます。
A18: AI化した業務
A19: AI化する予定の業務の数 | B19: 3
A20: AI化が終わった業務の数（スマホのシートから自動） | B20: =スマホ!B34 -> 2
A21: AI化の進み具合 | B21: =IF(OR(B19="",B19<=0),"",MIN(B20/B19,1)) -> 0.66666667
