Workbook

Sheet 使い方
A1: ③ 現在地ボード：目標達成ロードマップ
A3: 「段階」シートに初回の計画書のマイルストーンを転記し、達成したら「状態」を「達成」にしてください。
A4: 「週の記録」シートに毎週の予定時間と実績時間を入れてください。2週続けて7割未満なら計画の量を減らす目安です。
A5: 「ボード」シートで、今どの段階にいるかと進み具合が分かります。
A7: 凡例
A8: 黄色のセル＝あなたが入力する欄（青字）
A9: 白いセル＝自動計算（触らない）
A10: 1行目の数字は記入例（架空）です。上書きしてお使いください。
A12: このシートは目安を可視化するもので、結果を保証するものではありません。氏名・口座番号・ID・パスワードなどは書かないでください。

Sheet 段階
A1: 段階 | B1: 内容 | C1: 目安の時期 | D1: 状態（未着手／進行中／達成）
A2: M1 | B2: 商業簿記の基礎 | C2: 1月 | D2: 達成
A3: M2 | B3: 工業簿記 | C3: 3月 | D3: 進行中
A4: M3 | B4: 過去問演習 | C4: 5月 | D4: 未着手
A5: ゴール | B5: 6月の試験で合格基準に届く力をつける | C5: 6月 | D5: 未着手
A7: ※ 架空の記入例（簿記2級）です。

Sheet 週の記録
A1: 週 | B1: 予定時間 | C1: 実績時間 | D1: 達成率 | E1: 判定
A2: 1週目 | B2: 9 | C2: 8 | D2: =IF(C2="","",C2/B2) -> 0.88888889 | E2: =IF(D2="","",IF(D2<0.7,"7割未満","OK")) -> OK
A3: 2週目 | B3: 9 | C3: 6 | D3: =IF(C3="","",C3/B3) -> 0.66666667 | E3: =IF(D3="","",IF(D3<0.7,"7割未満","OK")) -> 7割未満
A4: 3週目 | B4: 9 | C4: 5 | D4: =IF(C4="","",C4/B4) -> 0.55555556 | E4: =IF(D4="","",IF(D4<0.7,"7割未満","OK")) -> 7割未満
A5: 4週目 | B5: 9 | C5: 8 | D5: =IF(C5="","",C5/B5) -> 0.88888889 | E5: =IF(D5="","",IF(D5<0.7,"7割未満","OK")) -> OK
A6: 5週目 | B6: 9 | D6: =IF(C6="","",C6/B6) | E6: =IF(D6="","",IF(D6<0.7,"7割未満","OK"))
A7: 6週目 | B7: 9 | D7: =IF(C7="","",C7/B7) | E7: =IF(D7="","",IF(D7<0.7,"7割未満","OK"))
A8: 7週目 | B8: 9 | D8: =IF(C8="","",C8/B8) | E8: =IF(D8="","",IF(D8<0.7,"7割未満","OK"))
A9: 8週目 | B9: 9 | D9: =IF(C9="","",C9/B9) | E9: =IF(D9="","",IF(D9<0.7,"7割未満","OK"))
A11: ※ 架空の記入例です。

Sheet ボード
A1: 現在地ボード：目標達成
A3: 段階の数 | B3: =COUNTA(段階!A2:A6) -> 4
A4: 達成した段階 | B4: =COUNTIF(段階!D2:D6,"達成") -> 1
A5: 進み具合 | B5: =IFERROR(B4/B3,"") -> 0.25
A6: 今いる段階 | B6: =IFERROR(INDEX(段階!A2:A6,MATCH("進行中",段階!D2:D6,0)),"—") -> M2
A7: 直近の週の達成率 | B7: =IFERROR(LOOKUP(2,1/(週の記録!D2:D9<>""),週の記録!D2:D9),"") -> 0.88888889
A8: 計画を見直す目安 | B8: =IF(SUMPRODUCT((週の記録!E2:E8="7割未満")*(週の記録!E3:E9="7割未満"))>0,"7割未満が2週続いた：量を減らすか期限の見直しを検討","このままでOK") -> 7割未満が2週続いた：量を減らすか期限の見直しを検討
